{"count":1,"self":1951.8050303999999,"total":11382.213024699999,"children":{"InitializeActuators":{"count":2,"self":0.0010027999999999999,"total":0.0010027999999999999,"children":null},"InitializeSensors":{"count":2,"self":0.0030207999999999997,"total":0.0030207999999999997,"children":null},"AgentSendState":{"count":502002,"self":3818.6315775999997,"total":4046.7747397999997,"children":{"CollectObservations":{"count":1004004,"self":2.362406,"total":2.362406,"children":null},"WriteActionMask":{"count":1004004,"self":1.1889162,"total":1.1889162,"children":null},"RequestDecision":{"count":1004004,"self":1.9417331999999998,"total":224.5918446,"children":{"AgentInfo.ToProto":{"count":1004004,"self":3.9933592,"total":222.6501113,"children":{"GenerateSensorData":{"count":1004004,"self":10.933393599999999,"total":218.65675199999998,"children":{"CameraSensor.GetCompressedObservation":{"count":1004004,"self":207.7233536,"total":207.72335869999998,"children":null}}}}}}}}},"DecideAction":{"count":502002,"self":5368.3523583999995,"total":5368.3521929,"children":null},"AgentAct":{"count":502002,"self":14.863199999999999,"total":15.2738447,"children":{"AgentInfo.ToProto":{"count":2000,"self":0.0125804,"total":0.4106455,"children":{"GenerateSensorData":{"count":2000,"self":0.0259612,"total":0.3980651,"children":{"CameraSensor.GetCompressedObservation":{"count":2000,"self":0.3721039,"total":0.3721039,"children":null}}}}}}}},"gauges":{"RedAgent.CumulativeReward":{"count":1000,"max":199,"min":0,"runningAverage":19.2785149,"value":0,"weightedAverage":14.2153},"BlueAgent.CumulativeReward":{"count":1000,"max":199,"min":0,"runningAverage":19.2785149,"value":0,"weightedAverage":14.2153}},"metadata":{"timer_format_version":"0.1.0","start_time_seconds":"1756478338","unity_version":"6000.1.9f1","command_line_arguments":"C:\\Users\\loren\\Documents\\GitHub\\RL-framework\\ML-env\/ML-env.exe --mlagents-port 5005 -screen-fullscreen 0 -screen-width 128 -screen-height 128","communication_protocol_version":"1.5.0","com.unity.ml-agents_version":"3.0.0","scene_name":"Easy","end_time_seconds":"1756489720"}}