{"count":1,"self":3377.2836863999996,"total":12941.222757,"children":{"InitializeActuators":{"count":2,"self":0.0010364999999999999,"total":0.0010364999999999999,"children":null},"InitializeSensors":{"count":2,"self":0.0039787,"total":0.0039787,"children":null},"AgentSendState":{"count":502002,"self":2458.8720128,"total":2839.4312887,"children":{"CollectObservations":{"count":1004004,"self":3.0952948,"total":3.0952949,"children":null},"WriteActionMask":{"count":1004004,"self":1.47509,"total":1.47509,"children":null},"RequestDecision":{"count":1004004,"self":3.431408,"total":375.98893799999996,"children":{"AgentInfo.ToProto":{"count":1004004,"self":5.9622492,"total":372.55753,"children":{"GenerateSensorData":{"count":1004004,"self":15.829779199999999,"total":366.5952808,"children":{"CameraSensor.GetCompressedObservation":{"count":1004004,"self":350.7654912,"total":350.7655019,"children":null}}}}}}}}},"DecideAction":{"count":502002,"self":6712.1344512,"total":6712.1346483,"children":null},"AgentAct":{"count":502002,"self":11.560532,"total":12.364019299999999,"children":{"AgentInfo.ToProto":{"count":2000,"self":0.0150304,"total":0.80348749999999991,"children":{"GenerateSensorData":{"count":2000,"self":0.039347299999999995,"total":0.78845709999999991,"children":{"CameraSensor.GetCompressedObservation":{"count":2000,"self":0.74910979999999994,"total":0.74910979999999994,"children":null}}}}}}}},"gauges":{"RedAgent.CumulativeReward":{"count":1000,"max":471,"min":0,"runningAverage":83.308,"value":448.5,"weightedAverage":274.5966},"BlueAgent.CumulativeReward":{"count":1000,"max":471,"min":0,"runningAverage":83.308,"value":448.5,"weightedAverage":274.5966}},"metadata":{"timer_format_version":"0.1.0","start_time_seconds":"1756311213","unity_version":"6000.1.9f1","command_line_arguments":"D:\\GitHub\\RL-framework\\ML-env\/ML-env.exe --mlagents-port 5005 -screen-fullscreen 0 -screen-width 128 -screen-height 128","communication_protocol_version":"1.5.0","com.unity.ml-agents_version":"3.0.0","scene_name":"Easy","end_time_seconds":"1756324154"}}