{"count":1,"self":1804.2378239999998,"total":11697.0315899,"children":{"InitializeActuators":{"count":2,"self":0.0010073,"total":0.0010073,"children":null},"InitializeSensors":{"count":2,"self":0.0035191999999999997,"total":0.0035191999999999997,"children":null},"AgentSendState":{"count":502002,"self":3753.4679039999996,"total":3998.5096264,"children":{"CollectObservations":{"count":1004004,"self":2.4565158,"total":2.4565158,"children":null},"WriteActionMask":{"count":1004004,"self":1.2157304,"total":1.2157304,"children":null},"RequestDecision":{"count":1004004,"self":1.9025889999999999,"total":241.3694242,"children":{"AgentInfo.ToProto":{"count":1004004,"self":4.313832,"total":239.4668352,"children":{"GenerateSensorData":{"count":1004004,"self":12.0864224,"total":235.1530033,"children":{"CameraSensor.GetCompressedObservation":{"count":1004004,"self":223.0665728,"total":223.0665813,"children":null}}}}}}}}},"DecideAction":{"count":502002,"self":5880.5530623999994,"total":5880.5530177,"children":null},"AgentAct":{"count":502002,"self":13.2817808,"total":13.7234038,"children":{"AgentInfo.ToProto":{"count":2000,"self":0.0211006,"total":0.4416228,"children":{"GenerateSensorData":{"count":2000,"self":0.028845299999999997,"total":0.42052219999999996,"children":{"CameraSensor.GetCompressedObservation":{"count":2000,"self":0.3916769,"total":0.3916769,"children":null}}}}}}}},"gauges":{"RedAgent.CumulativeReward":{"count":1000,"max":345,"min":0,"runningAverage":14.3754969,"value":0,"weightedAverage":5.364092},"BlueAgent.CumulativeReward":{"count":1000,"max":345,"min":0,"runningAverage":14.3754969,"value":0,"weightedAverage":5.364092}},"metadata":{"timer_format_version":"0.1.0","start_time_seconds":"1756233379","unity_version":"6000.1.9f1","command_line_arguments":"C:\\Users\\loren\\Documents\\GitHub\\RL-framework\\ML-env\/ML-env.exe --mlagents-port 5005 -screen-fullscreen 0 -screen-width 128 -screen-height 128","communication_protocol_version":"1.5.0","com.unity.ml-agents_version":"3.0.0","scene_name":"Easy","end_time_seconds":"1756245075"}}